{"cameraMode":{"drawMode":0,"name":"Shaded","section":"Shading Mode"},"sceneLighting":true,"audioPlay":false,"sceneViewState":{"m_AlwaysRefresh":false,"showFog":true,"showSkybox":true,"showFlares":true,"showImageEffects":true,"showParticleSystems":true,"showVisualEffectGraphs":true,"m_FxEnabled":true},"in2DMode":false,"pivot":{"x":5.2459211349487309,"y":20.807546615600587,"z":-4.249750137329102},"rotation":{"x":-0.08109954744577408,"y":0.09999691694974899,"z":0.008179020136594773,"w":0.9916503429412842},"size":29.79090690612793,"orthographic":false}